-- ============================================================
-- GrainCraft Foods — CTP Assignment database
-- Load this in your Supabase project: SQL Editor -> paste -> Run.
-- Re-running is safe: it drops and recreates everything.
-- ============================================================

-- Drop in reverse dependency order
DROP TABLE IF EXISTS orders_history CASCADE;
DROP TABLE IF EXISTS open_pos CASCADE;
DROP TABLE IF EXISTS contracts CASCADE;
DROP TABLE IF EXISTS items CASCADE;
DROP TABLE IF EXISTS vendors CASCADE;

-- ---------- vendors ----------
CREATE TABLE vendors (
  vendor_code        varchar(10) PRIMARY KEY,
  vendor_name        varchar(120) NOT NULL,
  payment_terms_days integer,
  product_group      varchar(20)
);
INSERT INTO vendors (vendor_code, vendor_name, payment_terms_days, product_group) VALUES
  ('54845', 'NaturGrain Supply GmbH', 30, 'DMP202'),
  ('54844', 'EcoSource Italia S.r.l.', 30, 'DMP202'),
  ('51817', 'Oleificio Meridionale S.p.A.', 30, 'DMP202');

-- ---------- items ----------
CREATE TABLE items (
  material         varchar(20) PRIMARY KEY,
  product_group    varchar(20),
  description      varchar(160),
  uom              varchar(8),
  current_stock    numeric(12,2),
  avg_daily_demand numeric(12,3)
);
INSERT INTO items (material, product_group, description, uom, current_stock, avg_daily_demand) VALUES
  ('00117', 'DMP202', 'Organic Spelt Cracker 200g', 'CT', 420, 35),
  ('00118', 'DMP202', 'Organic Rye Cracker 200g', 'CT', 310, 28),
  ('00119', 'DMP202', 'Multigrain Cracker 200g', 'CT', 85, 18),
  ('00240', 'DMP202', 'Ancient Grain Breadstick 250g', 'CT', 650, 52),
  ('00240C', 'DMP202', 'Ancient Grain Breadstick 1kg (Catering)', 'CT', 120, 14),
  ('00243', 'DMP202', 'Sesame Breadstick 250g', 'CT', 55, 12),
  ('00245', 'DMP202', 'Rosemary Breadstick 250g', 'CT', 180, 10),
  ('00246', 'DMP202', 'Olive Oil Breadstick 250g', 'CT', 230, 15),
  ('00249', 'DMP202', 'Wholegrain Breadstick 250g', 'CT', 95, 22),
  ('00327', 'DMP202', 'Buckwheat Pasta Fusilli 500g', 'CT', 280, 38),
  ('00327C', 'DMP202', 'Buckwheat Pasta Fusilli 3kg (Catering)', 'CT', 40, 8),
  ('00632', 'DMP202', 'Premium Cold-Pressed Walnut Oil 500ml', 'CT', 90, 6),
  ('00633', 'DMP202', 'Premium Cold-Pressed Hazelnut Oil 500ml', 'CT', 60, 5),
  ('00635', 'DMP202', 'Organic Extra Virgin Sunflower Oil 1L', 'CT', 140, 16),
  ('00636', 'DMP202', 'Organic Extra Virgin Rapeseed Oil 1L', 'CT', 110, 14),
  ('00864', 'DMP202', 'Spelt & Oat Granola 400g', 'CT', 370, 30),
  ('00864C', 'DMP202', 'Spelt & Oat Granola 2kg (Catering)', 'CT', 80, 9),
  ('00865', 'DMP202', 'Berry & Almond Muesli 500g', 'CT', 195, 25),
  ('00865C', 'DMP202', 'Berry & Almond Muesli 2.5kg (Catering)', 'CT', 35, 6),
  ('00866', 'DMP202', 'Five Grain Porridge Mix 500g', 'CT', 510, 48);

-- ---------- contracts ----------
CREATE TABLE contracts (
  contract_id           varchar(20) PRIMARY KEY,
  vendor_code           varchar(10) REFERENCES vendors(vendor_code),
  material              varchar(20) REFERENCES items(material),
  unit_price_standard   numeric(12,4),
  unit_price_expedite   numeric(12,4),
  lead_time_standard_wd integer,
  lead_time_expedite_wd numeric(5,1),
  expedite_freight_cost numeric(12,4),
  is_primary            boolean,
  validity_start        date,
  validity_end          date
);
INSERT INTO contracts (contract_id, vendor_code, material, unit_price_standard, unit_price_expedite, lead_time_standard_wd, lead_time_expedite_wd, expedite_freight_cost, is_primary, validity_start, validity_end) VALUES
  ('CT7000', '54845', '00117', 3.57, NULL, 7, NULL, NULL, true, '2026-01-01', '2026-12-31'),
  ('CT7001', '54844', '00117', 3.57, 4.23, 7, 3.0, NULL, false, '2026-01-01', '2026-12-31'),
  ('CT7002', '54845', '00118', 3.57, NULL, 7, NULL, NULL, true, '2026-01-01', '2026-12-31'),
  ('CT7003', '54844', '00118', 3.57, 4.23, 7, 3.0, NULL, false, '2026-01-01', '2026-12-31'),
  ('CT7004', '54845', '00119', 3.57, NULL, 7, NULL, NULL, true, '2026-01-01', '2026-12-31'),
  ('CT7005', '54844', '00119', 3.57, 4.22, 7, 3.0, NULL, false, '2026-01-01', '2026-12-31'),
  ('CT7006', '54845', '00240', 3.57, NULL, 7, NULL, NULL, true, '2026-01-01', '2026-12-31'),
  ('CT7007', '54844', '00240', 3.57, 4.23, 7, 3.0, NULL, false, '2026-01-01', '2026-12-31'),
  ('CT7008', '54845', '00240C', 3.57, NULL, 7, NULL, NULL, true, '2026-01-01', '2026-12-31'),
  ('CT7009', '54844', '00240C', 3.57, 4.23, 7, 3.0, NULL, false, '2026-01-01', '2026-12-31'),
  ('CT7010', '54845', '00243', 3.57, NULL, 7, NULL, NULL, true, '2026-01-01', '2026-12-31'),
  ('CT7011', '54844', '00243', 3.57, 4.23, 7, 3.0, NULL, false, '2026-01-01', '2026-12-31'),
  ('CT7012', '54845', '00245', 3.57, NULL, 7, NULL, NULL, true, '2026-01-01', '2026-12-31'),
  ('CT7013', '54845', '00246', 3.57, NULL, 7, NULL, NULL, true, '2026-01-01', '2026-12-31'),
  ('CT7014', '54844', '00246', 3.57, 4.24, 7, 3.0, NULL, false, '2026-01-01', '2026-12-31'),
  ('CT7015', '54845', '00249', 3.57, NULL, 7, NULL, NULL, true, '2026-01-01', '2026-12-31'),
  ('CT7016', '54844', '00249', 3.57, 4.22, 7, 3.0, NULL, false, '2026-01-01', '2026-12-31'),
  ('CT7017', '54845', '00327', 4.13, NULL, 7, NULL, NULL, true, '2026-01-01', '2026-12-31'),
  ('CT7018', '54844', '00327', 4.13, 4.85, 7, 3.0, NULL, false, '2026-01-01', '2026-12-31'),
  ('CT7019', '54845', '00327C', 4.13, NULL, 7, NULL, NULL, true, '2026-01-01', '2026-12-31'),
  ('CT7020', '54844', '00327C', 4.13, 4.85, 7, 3.0, NULL, false, '2026-01-01', '2026-12-31'),
  ('CT7021', '51817', '00632', 24.11, NULL, 10, 7.0, 0.8, true, '2026-01-01', '2026-12-31'),
  ('CT7022', '51817', '00633', 24.6, NULL, 10, 7.0, 0.8, true, '2026-01-01', '2026-12-31'),
  ('CT7023', '51817', '00635', 12.4, NULL, 10, 7.0, 0.8, true, '2026-01-01', '2026-12-31'),
  ('CT7024', '51817', '00636', 12.64, NULL, 10, 7.0, 0.8, true, '2026-01-01', '2026-12-31'),
  ('CT7025', '54845', '00864', 4.06, NULL, 7, NULL, NULL, true, '2026-01-01', '2026-12-31'),
  ('CT7026', '54844', '00864', 4.06, 4.81, 7, 3.0, NULL, false, '2026-01-01', '2026-12-31'),
  ('CT7027', '54845', '00864C', 4.13, NULL, 7, NULL, NULL, true, '2026-01-01', '2026-12-31'),
  ('CT7028', '54844', '00864C', 4.13, 4.89, 7, 3.0, NULL, false, '2026-01-01', '2026-12-31'),
  ('CT7029', '54845', '00865', 4.06, NULL, 7, NULL, NULL, true, '2026-01-01', '2026-12-31'),
  ('CT7030', '54844', '00865', 4.06, 4.81, 7, 3.0, NULL, false, '2026-01-01', '2026-12-31'),
  ('CT7031', '54845', '00865C', 4.13, NULL, 7, NULL, NULL, true, '2026-01-01', '2026-12-31'),
  ('CT7032', '54844', '00865C', 4.13, 4.89, 7, 3.0, NULL, false, '2026-01-01', '2026-12-31'),
  ('CT7033', '54845', '00866', 4.06, NULL, 7, NULL, NULL, true, '2026-01-01', '2026-12-31'),
  ('CT7034', '54844', '00866', 4.06, 4.82, 7, 3.0, NULL, false, '2026-01-01', '2026-12-31');

-- ---------- open_pos ----------
CREATE TABLE open_pos (
  po_id                  varchar(20) PRIMARY KEY,
  vendor_code            varchar(10) REFERENCES vendors(vendor_code),
  material               varchar(20) REFERENCES items(material),
  quantity_ordered       numeric(12,2),
  quantity_received      numeric(12,2),
  expected_delivery_date date,
  is_expedite            boolean
);
INSERT INTO open_pos (po_id, vendor_code, material, quantity_ordered, quantity_received, expected_delivery_date, is_expedite) VALUES
  ('PO9001', '54845', '00119', 300, 0, '2026-06-16', false),
  ('PO9002', '54845', '00243', 400, 0, '2026-06-18', false),
  ('PO9003', '54845', '00327', 500, 0, '2026-06-13', false),
  ('PO9004', '54845', '00327C', 150, 0, '2026-06-17', false),
  ('PO9005', '51817', '00633', 80, 0, '2026-06-20', false),
  ('PO9006', '54845', '00865C', 120, 0, '2026-06-16', false),
  ('PO9007', '54845', '00240', 800, 0, '2026-06-12', false),
  ('PO9008', '54845', '00245', 200, 0, '2026-06-19', false),
  ('PO9009', '54845', '00249', 400, 0, '2026-06-17', false),
  ('PO9010', '51817', '00632', 60, 0, '2026-06-23', false);

-- ---------- orders_history ----------
CREATE TABLE orders_history (
  order_id             varchar(20) PRIMARY KEY,
  customer_id          varchar(20),
  customer_tier        varchar(2),
  material             varchar(20) REFERENCES items(material),
  quantity             numeric(12,2),
  order_date           date,
  promised_date        date,
  actual_delivery_date date,
  unit_price_charged   numeric(12,4),
  unit_cost            numeric(12,4),
  expedite_used        boolean
);
INSERT INTO orders_history (order_id, customer_id, customer_tier, material, quantity, order_date, promised_date, actual_delivery_date, unit_price_charged, unit_cost, expedite_used) VALUES
  ('ORD10001', 'C005', 'B', '00118', 170, '2026-03-03', '2026-03-12', '2026-03-12', 5.44, 3.57, false),
  ('ORD10002', 'C009', 'A', '00118', 130, '2026-03-03', '2026-03-12', '2026-03-12', 5.54, 3.57, false),
  ('ORD10003', 'C004', 'B', '00117', 220, '2026-03-03', '2026-03-12', '2026-03-12', 5.33, 3.57, false),
  ('ORD10004', 'C009', 'A', '00327', 300, '2026-03-03', '2026-03-12', '2026-03-12', 6.54, 4.13, false),
  ('ORD10005', 'C001', 'A', '00240', 240, '2026-03-03', '2026-03-12', '2026-03-12', 5.51, 3.57, false),
  ('ORD10006', 'C005', 'B', '00246', 70, '2026-03-03', '2026-03-12', '2026-03-14', 5.21, 3.57, false),
  ('ORD10007', 'C002', 'A', '00118', 230, '2026-03-04', '2026-03-13', '2026-03-13', 5.49, 3.57, false),
  ('ORD10008', 'C001', 'A', '00240', 340, '2026-03-04', '2026-03-13', '2026-03-13', 5.51, 3.57, false),
  ('ORD10009', 'C007', 'C', '00866', 190, '2026-03-04', '2026-03-07', '2026-03-07', 5.9, 4.06, true),
  ('ORD10010', 'C006', 'C', '00633', 50, '2026-03-04', '2026-03-18', '2026-03-18', 37.89, 24.6, false),
  ('ORD10011', 'C005', 'B', '00635', 60, '2026-03-05', '2026-03-19', '2026-03-19', 17.97, 12.4, false),
  ('ORD10012', 'C007', 'C', '00865', 100, '2026-03-05', '2026-03-14', '2026-03-14', 6.03, 4.06, false),
  ('ORD10013', 'C006', 'C', '00243', 60, '2026-03-05', '2026-03-14', '2026-03-14', 5.13, 3.57, false),
  ('ORD10014', 'C002', 'A', '00636', 50, '2026-03-05', '2026-03-19', '2026-03-19', 18.36, 12.64, false),
  ('ORD10015', 'C008', 'C', '00240', 80, '2026-03-06', '2026-03-17', '2026-03-20', 5.21, 3.57, false),
  ('ORD10016', 'C004', 'B', '00636', 50, '2026-03-06', '2026-03-20', '2026-03-20', 17.84, 12.64, false),
  ('ORD10017', 'C004', 'B', '00864', 90, '2026-03-06', '2026-03-17', '2026-03-17', 6.11, 4.06, false),
  ('ORD10018', 'C002', 'A', '00245', 60, '2026-03-06', '2026-03-17', '2026-03-20', 5.22, 3.57, false),
  ('ORD10019', 'C008', 'C', '00240', 160, '2026-03-06', '2026-03-17', '2026-03-19', 5.21, 3.57, false),
  ('ORD10020', 'C003', 'B', '00118', 60, '2026-03-06', '2026-03-17', '2026-03-17', 5.38, 3.57, false),
  ('ORD10021', 'C007', 'C', '00864', 240, '2026-03-07', '2026-03-18', '2026-03-18', 5.99, 4.06, false),
  ('ORD10022', 'C003', 'B', '00240', 240, '2026-03-07', '2026-03-18', '2026-03-18', 5.31, 3.57, false),
  ('ORD10023', 'C002', 'A', '00117', 180, '2026-03-07', '2026-03-18', '2026-03-18', 5.49, 3.57, false),
  ('ORD10024', 'C010', 'B', '00636', 50, '2026-03-07', '2026-03-21', '2026-03-21', 18.01, 12.64, true),
  ('ORD10025', 'C009', 'A', '00866', 190, '2026-03-07', '2026-03-18', '2026-03-18', 6.26, 4.06, false),
  ('ORD10026', 'C002', 'A', '00636', 70, '2026-03-10', '2026-03-24', '2026-03-24', 18.36, 12.64, false),
  ('ORD10027', 'C006', 'C', '00240', 140, '2026-03-10', '2026-03-19', '2026-03-19', 5.21, 3.57, false),
  ('ORD10028', 'C005', 'B', '00249', 130, '2026-03-10', '2026-03-19', '2026-03-19', 5.29, 3.57, false),
  ('ORD10029', 'C002', 'A', '00327', 140, '2026-03-10', '2026-03-19', '2026-03-19', 6.48, 4.13, false),
  ('ORD10030', 'C004', 'B', '00327', 170, '2026-03-11', '2026-03-20', '2026-03-20', 6.3, 4.13, false),
  ('ORD10031', 'C009', 'A', '00327', 140, '2026-03-11', '2026-03-20', '2026-03-20', 6.54, 4.13, false),
  ('ORD10032', 'C002', 'A', '00249', 190, '2026-03-11', '2026-03-20', '2026-03-22', 5.34, 3.57, false),
  ('ORD10033', 'C004', 'B', '00240', 260, '2026-03-11', '2026-03-20', '2026-03-21', 5.26, 3.57, false),
  ('ORD10034', 'C002', 'A', '00864', 90, '2026-03-11', '2026-03-20', '2026-03-20', 6.28, 4.06, false),
  ('ORD10035', 'C008', 'C', '00118', 190, '2026-03-11', '2026-03-20', '2026-03-20', 5.28, 3.57, false),
  ('ORD10036', 'C007', 'C', '00865C', 50, '2026-03-12', '2026-03-21', '2026-03-24', 5.96, 4.13, false),
  ('ORD10037', 'C005', 'B', '00636', 80, '2026-03-12', '2026-03-26', '2026-03-26', 18.18, 12.64, false),
  ('ORD10038', 'C009', 'A', '00243', 50, '2026-03-12', '2026-03-21', '2026-03-21', 5.39, 3.57, false),
  ('ORD10039', 'C001', 'A', '00117', 80, '2026-03-12', '2026-03-21', '2026-03-21', 5.59, 3.57, false),
  ('ORD10040', 'C002', 'A', '00240', 280, '2026-03-12', '2026-03-21', '2026-03-21', 5.41, 3.57, false),
  ('ORD10041', 'C001', 'A', '00117', 230, '2026-03-12', '2026-03-21', '2026-03-21', 5.59, 3.57, false),
  ('ORD10042', 'C008', 'C', '00240', 280, '2026-03-13', '2026-03-24', '2026-03-24', 5.21, 3.57, false),
  ('ORD10043', 'C010', 'B', '00866', 230, '2026-03-13', '2026-03-24', '2026-03-24', 6.08, 4.06, false),
  ('ORD10044', 'C007', 'C', '00249', 100, '2026-03-13', '2026-03-24', '2026-03-24', 5.08, 3.57, false),
  ('ORD10045', 'C007', 'C', '00246', 50, '2026-03-13', '2026-03-24', '2026-03-25', 5.01, 3.57, false),
  ('ORD10046', 'C002', 'A', '00635', 60, '2026-03-14', '2026-03-28', '2026-03-28', 18.14, 12.4, true),
  ('ORD10047', 'C002', 'A', '00864C', 50, '2026-03-14', '2026-03-25', '2026-03-25', 6.22, 4.13, false),
  ('ORD10048', 'C007', 'C', '00249', 160, '2026-03-14', '2026-03-25', '2026-03-25', 5.08, 3.57, false),
  ('ORD10049', 'C002', 'A', '00865C', 50, '2026-03-14', '2026-03-25', '2026-03-28', 6.26, 4.13, false),
  ('ORD10050', 'C009', 'A', '00118', 50, '2026-03-14', '2026-03-25', '2026-03-26', 5.54, 3.57, false),
  ('ORD10051', 'C008', 'C', '00119', 100, '2026-03-14', '2026-03-25', '2026-03-26', 5.17, 3.57, false),
  ('ORD10052', 'C007', 'C', '00243', 50, '2026-03-17', '2026-03-26', '2026-03-26', 5.08, 3.57, false),
  ('ORD10053', 'C007', 'C', '00249', 80, '2026-03-17', '2026-03-26', '2026-03-26', 5.08, 3.57, false),
  ('ORD10054', 'C008', 'C', '00864', 190, '2026-03-17', '2026-03-26', '2026-03-26', 6.05, 4.06, false),
  ('ORD10055', 'C010', 'B', '00866', 340, '2026-03-17', '2026-03-26', '2026-03-26', 6.08, 4.06, false),
  ('ORD10056', 'C010', 'B', '00117', 240, '2026-03-18', '2026-03-27', '2026-03-30', 5.38, 3.57, false),
  ('ORD10057', 'C009', 'A', '00119', 60, '2026-03-18', '2026-03-27', '2026-03-27', 5.42, 3.57, false),
  ('ORD10058', 'C004', 'B', '00327C', 50, '2026-03-18', '2026-03-27', '2026-03-30', 6.13, 4.13, false),
  ('ORD10059', 'C010', 'B', '00240', 290, '2026-03-18', '2026-03-21', '2026-03-21', 5.31, 3.57, true),
  ('ORD10060', 'C010', 'B', '00635', 110, '2026-03-18', '2026-04-01', '2026-04-02', 17.8, 12.4, false),
  ('ORD10061', 'C004', 'B', '00864', 120, '2026-03-19', '2026-03-28', '2026-03-28', 6.11, 4.06, false),
  ('ORD10062', 'C008', 'C', '00635', 70, '2026-03-19', '2026-04-02', '2026-04-02', 17.45, 12.4, false),
  ('ORD10063', 'C008', 'C', '00117', 100, '2026-03-19', '2026-03-28', '2026-03-28', 5.28, 3.57, false),
  ('ORD10064', 'C009', 'A', '00118', 70, '2026-03-19', '2026-03-28', '2026-03-28', 5.54, 3.57, false),
  ('ORD10065', 'C002', 'A', '00866', 320, '2026-03-19', '2026-03-28', '2026-03-28', 6.2, 4.06, false),
  ('ORD10066', 'C009', 'A', '00119', 140, '2026-03-19', '2026-03-28', '2026-03-28', 5.42, 3.57, false),
  ('ORD10067', 'C009', 'A', '00327', 180, '2026-03-20', '2026-03-31', '2026-03-31', 6.54, 4.13, false),
  ('ORD10068', 'C003', 'B', '00866', 340, '2026-03-20', '2026-03-31', '2026-04-03', 6.08, 4.06, false),
  ('ORD10069', 'C005', 'B', '00327', 220, '2026-03-20', '2026-03-31', '2026-03-31', 6.42, 4.13, false),
  ('ORD10070', 'C005', 'B', '00240C', 50, '2026-03-20', '2026-03-31', '2026-03-31', 5.25, 3.57, false),
  ('ORD10071', 'C001', 'A', '00866', 270, '2026-03-20', '2026-03-31', '2026-03-31', 6.31, 4.06, false),
  ('ORD10072', 'C001', 'A', '00240', 420, '2026-03-20', '2026-03-31', '2026-03-31', 5.51, 3.57, false),
  ('ORD10073', 'C008', 'C', '00119', 90, '2026-03-21', '2026-04-01', '2026-04-01', 5.17, 3.57, false),
  ('ORD10074', 'C002', 'A', '00117', 280, '2026-03-21', '2026-04-01', '2026-04-01', 5.49, 3.57, false),
  ('ORD10075', 'C001', 'A', '00118', 50, '2026-03-21', '2026-04-01', '2026-04-01', 5.59, 3.57, false),
  ('ORD10076', 'C003', 'B', '00118', 190, '2026-03-21', '2026-03-26', '2026-03-26', 5.38, 3.57, true),
  ('ORD10077', 'C001', 'A', '00866', 250, '2026-03-21', '2026-04-01', '2026-04-01', 6.31, 4.06, false),
  ('ORD10078', 'C006', 'C', '00635', 70, '2026-03-24', '2026-04-07', '2026-04-09', 17.45, 12.4, false),
  ('ORD10079', 'C003', 'B', '00866', 250, '2026-03-24', '2026-04-02', '2026-04-02', 6.08, 4.06, false),
  ('ORD10080', 'C003', 'B', '00119', 50, '2026-03-24', '2026-04-02', '2026-04-02', 5.27, 3.57, false),
  ('ORD10081', 'C006', 'C', '00864', 140, '2026-03-24', '2026-04-02', '2026-04-02', 6.05, 4.06, false),
  ('ORD10082', 'C004', 'B', '00865', 140, '2026-03-25', '2026-04-03', '2026-04-03', 6.15, 4.06, false),
  ('ORD10083', 'C001', 'A', '00118', 220, '2026-03-25', '2026-04-03', '2026-04-03', 5.59, 3.57, false),
  ('ORD10084', 'C008', 'C', '00865', 100, '2026-03-25', '2026-04-03', '2026-04-03', 6.09, 4.06, false),
  ('ORD10085', 'C004', 'B', '00865C', 50, '2026-03-25', '2026-03-28', '2026-03-28', 6.08, 4.13, true),
  ('ORD10086', 'C002', 'A', '00240C', 60, '2026-03-25', '2026-04-03', '2026-04-03', 5.3, 3.57, false),
  ('ORD10087', 'C007', 'C', '00635', 110, '2026-03-25', '2026-04-08', '2026-04-08', 17.28, 12.4, false),
  ('ORD10088', 'C002', 'A', '00866', 270, '2026-03-26', '2026-04-04', '2026-04-04', 6.2, 4.06, false),
  ('ORD10089', 'C005', 'B', '00327', 150, '2026-03-26', '2026-03-31', '2026-03-31', 6.42, 4.13, true),
  ('ORD10090', 'C006', 'C', '00240C', 80, '2026-03-26', '2026-04-04', '2026-04-05', 5.1, 3.57, false),
  ('ORD10091', 'C010', 'B', '00243', 60, '2026-03-26', '2026-04-04', '2026-04-04', 5.24, 3.57, false),
  ('ORD10092', 'C009', 'A', '00246', 100, '2026-03-26', '2026-04-04', '2026-04-04', 5.31, 3.57, false),
  ('ORD10093', 'C004', 'B', '00866', 170, '2026-03-27', '2026-04-07', '2026-04-07', 6.02, 4.06, false),
  ('ORD10094', 'C006', 'C', '00635', 70, '2026-03-27', '2026-04-10', '2026-04-10', 17.45, 12.4, false),
  ('ORD10095', 'C005', 'B', '00118', 120, '2026-03-27', '2026-04-07', '2026-04-07', 5.44, 3.57, false),
  ('ORD10096', 'C005', 'B', '00240C', 50, '2026-03-27', '2026-04-07', '2026-04-07', 5.25, 3.57, false),
  ('ORD10097', 'C007', 'C', '00635', 90, '2026-03-27', '2026-04-10', '2026-04-12', 17.28, 12.4, false),
  ('ORD10098', 'C001', 'A', '00245', 60, '2026-03-27', '2026-04-07', '2026-04-07', 5.32, 3.57, false),
  ('ORD10099', 'C006', 'C', '00327C', 50, '2026-03-28', '2026-04-08', '2026-04-08', 6.07, 4.13, false),
  ('ORD10100', 'C008', 'C', '00240', 240, '2026-03-28', '2026-04-08', '2026-04-11', 5.21, 3.57, false),
  ('ORD10101', 'C002', 'A', '00119', 50, '2026-03-28', '2026-04-08', '2026-04-08', 5.37, 3.57, false),
  ('ORD10102', 'C002', 'A', '00632', 50, '2026-03-28', '2026-04-11', '2026-04-11', 38.85, 24.11, false),
  ('ORD10103', 'C004', 'B', '00635', 70, '2026-03-28', '2026-04-11', '2026-04-11', 17.63, 12.4, false),
  ('ORD10104', 'C008', 'C', '00117', 120, '2026-03-28', '2026-04-08', '2026-04-08', 5.28, 3.57, false),
  ('ORD10105', 'C010', 'B', '00246', 70, '2026-03-31', '2026-04-09', '2026-04-09', 5.16, 3.57, false),
  ('ORD10106', 'C004', 'B', '00249', 130, '2026-03-31', '2026-04-09', '2026-04-09', 5.18, 3.57, false),
  ('ORD10107', 'C002', 'A', '00866', 420, '2026-03-31', '2026-04-09', '2026-04-09', 6.2, 4.06, false),
  ('ORD10108', 'C009', 'A', '00864C', 50, '2026-03-31', '2026-04-09', '2026-04-09', 6.28, 4.13, false),
  ('ORD10109', 'C002', 'A', '00866', 260, '2026-03-31', '2026-04-09', '2026-04-09', 6.2, 4.06, false),
  ('ORD10110', 'C009', 'A', '00327', 180, '2026-04-01', '2026-04-10', '2026-04-12', 6.54, 4.13, false),
  ('ORD10111', 'C009', 'A', '00327C', 50, '2026-04-01', '2026-04-10', '2026-04-12', 6.36, 4.13, false),
  ('ORD10112', 'C008', 'C', '00866', 240, '2026-04-01', '2026-04-10', '2026-04-10', 5.96, 4.06, false),
  ('ORD10113', 'C005', 'B', '00865', 130, '2026-04-01', '2026-04-10', '2026-04-10', 6.27, 4.06, false),
  ('ORD10114', 'C005', 'B', '00632', 60, '2026-04-01', '2026-04-15', '2026-04-15', 38.48, 24.11, false),
  ('ORD10115', 'C006', 'C', '00240', 240, '2026-04-01', '2026-04-10', '2026-04-10', 5.21, 3.57, false),
  ('ORD10116', 'C007', 'C', '00118', 160, '2026-04-02', '2026-04-11', '2026-04-11', 5.23, 3.57, false),
  ('ORD10117', 'C007', 'C', '00117', 170, '2026-04-02', '2026-04-11', '2026-04-11', 5.23, 3.57, false),
  ('ORD10118', 'C007', 'C', '00117', 90, '2026-04-02', '2026-04-11', '2026-04-11', 5.23, 3.57, false),
  ('ORD10119', 'C001', 'A', '00866', 350, '2026-04-02', '2026-04-11', '2026-04-11', 6.31, 4.06, false),
  ('ORD10120', 'C006', 'C', '00249', 140, '2026-04-03', '2026-04-14', '2026-04-14', 5.13, 3.57, false),
  ('ORD10121', 'C007', 'C', '00866', 320, '2026-04-03', '2026-04-14', '2026-04-14', 5.9, 4.06, false),
  ('ORD10122', 'C004', 'B', '00864C', 50, '2026-04-03', '2026-04-14', '2026-04-14', 6.04, 4.13, false),
  ('ORD10123', 'C007', 'C', '00249', 170, '2026-04-03', '2026-04-14', '2026-04-14', 5.08, 3.57, false),
  ('ORD10124', 'C003', 'B', '00245', 50, '2026-04-03', '2026-04-14', '2026-04-17', 5.12, 3.57, false),
  ('ORD10125', 'C007', 'C', '00117', 220, '2026-04-04', '2026-04-15', '2026-04-15', 5.23, 3.57, false),
  ('ORD10126', 'C007', 'C', '00117', 330, '2026-04-04', '2026-04-15', '2026-04-15', 5.23, 3.57, false),
  ('ORD10127', 'C007', 'C', '00117', 100, '2026-04-04', '2026-04-15', '2026-04-15', 5.23, 3.57, false),
  ('ORD10128', 'C007', 'C', '00240C', 50, '2026-04-04', '2026-04-15', '2026-04-17', 5.05, 3.57, false),
  ('ORD10129', 'C002', 'A', '00240', 270, '2026-04-04', '2026-04-15', '2026-04-15', 5.41, 3.57, false),
  ('ORD10130', 'C006', 'C', '00117', 140, '2026-04-04', '2026-04-15', '2026-04-15', 5.28, 3.57, false),
  ('ORD10131', 'C001', 'A', '00117', 70, '2026-04-07', '2026-04-16', '2026-04-16', 5.59, 3.57, false),
  ('ORD10132', 'C003', 'B', '00117', 180, '2026-04-07', '2026-04-16', '2026-04-16', 5.38, 3.57, false),
  ('ORD10133', 'C004', 'B', '00118', 80, '2026-04-07', '2026-04-16', '2026-04-16', 5.33, 3.57, false),
  ('ORD10134', 'C010', 'B', '00243', 70, '2026-04-07', '2026-04-16', '2026-04-16', 5.24, 3.57, false),
  ('ORD10135', 'C003', 'B', '00118', 90, '2026-04-07', '2026-04-16', '2026-04-16', 5.38, 3.57, false),
  ('ORD10136', 'C005', 'B', '00117', 280, '2026-04-07', '2026-04-16', '2026-04-18', 5.44, 3.57, false),
  ('ORD10137', 'C004', 'B', '00866', 160, '2026-04-08', '2026-04-11', '2026-04-11', 6.02, 4.06, true),
  ('ORD10138', 'C002', 'A', '00632', 50, '2026-04-08', '2026-04-22', '2026-04-22', 38.85, 24.11, false),
  ('ORD10139', 'C002', 'A', '00636', 90, '2026-04-08', '2026-04-22', '2026-04-22', 18.36, 12.64, false),
  ('ORD10140', 'C009', 'A', '00117', 90, '2026-04-08', '2026-04-17', '2026-04-17', 5.54, 3.57, false),
  ('ORD10141', 'C006', 'C', '00327', 210, '2026-04-08', '2026-04-11', '2026-04-11', 6.23, 4.13, true),
  ('ORD10142', 'C006', 'C', '00118', 210, '2026-04-09', '2026-04-18', '2026-04-18', 5.28, 3.57, false),
  ('ORD10143', 'C007', 'C', '00636', 50, '2026-04-09', '2026-04-23', '2026-04-23', 17.49, 12.64, false),
  ('ORD10144', 'C010', 'B', '00635', 80, '2026-04-09', '2026-04-23', '2026-04-23', 17.8, 12.4, false),
  ('ORD10145', 'C007', 'C', '00249', 120, '2026-04-09', '2026-04-18', '2026-04-18', 5.08, 3.57, false),
  ('ORD10146', 'C004', 'B', '00240', 340, '2026-04-09', '2026-04-18', '2026-04-18', 5.26, 3.57, false),
  ('ORD10147', 'C008', 'C', '00240', 130, '2026-04-10', '2026-04-21', '2026-04-21', 5.21, 3.57, false),
  ('ORD10148', 'C008', 'C', '00240C', 50, '2026-04-10', '2026-04-21', '2026-04-21', 5.1, 3.57, false),
  ('ORD10149', 'C005', 'B', '00240', 310, '2026-04-10', '2026-04-21', '2026-04-24', 5.36, 3.57, false),
  ('ORD10150', 'C009', 'A', '00865C', 50, '2026-04-10', '2026-04-15', '2026-04-16', 6.32, 4.13, true),
  ('ORD10151', 'C007', 'C', '00118', 150, '2026-04-10', '2026-04-21', '2026-04-21', 5.23, 3.57, false),
  ('ORD10152', 'C008', 'C', '00249', 120, '2026-04-11', '2026-04-22', '2026-04-22', 5.13, 3.57, false),
  ('ORD10153', 'C007', 'C', '00240', 190, '2026-04-11', '2026-04-22', '2026-04-22', 5.16, 3.57, false),
  ('ORD10154', 'C008', 'C', '00327', 210, '2026-04-11', '2026-04-22', '2026-04-22', 6.23, 4.13, false),
  ('ORD10155', 'C009', 'A', '00866', 270, '2026-04-11', '2026-04-22', '2026-04-22', 6.26, 4.06, false),
  ('ORD10156', 'C005', 'B', '00240', 180, '2026-04-11', '2026-04-22', '2026-04-22', 5.36, 3.57, false),
  ('ORD10157', 'C009', 'A', '00240', 450, '2026-04-11', '2026-04-22', '2026-04-22', 5.46, 3.57, false),
  ('ORD10158', 'C008', 'C', '00240', 310, '2026-04-14', '2026-04-23', '2026-04-23', 5.21, 3.57, false),
  ('ORD10159', 'C010', 'B', '00864', 80, '2026-04-14', '2026-04-23', '2026-04-23', 6.16, 4.06, false),
  ('ORD10160', 'C004', 'B', '00119', 110, '2026-04-14', '2026-04-23', '2026-04-23', 5.22, 3.57, false),
  ('ORD10161', 'C003', 'B', '00636', 50, '2026-04-14', '2026-04-28', '2026-04-30', 18.01, 12.64, false),
  ('ORD10162', 'C008', 'C', '00866', 320, '2026-04-15', '2026-04-24', '2026-04-24', 5.96, 4.06, false),
  ('ORD10163', 'C008', 'C', '00240', 380, '2026-04-15', '2026-04-24', '2026-04-24', 5.21, 3.57, false),
  ('ORD10164', 'C008', 'C', '00117', 120, '2026-04-15', '2026-04-24', '2026-04-24', 5.28, 3.57, false),
  ('ORD10165', 'C010', 'B', '00249', 150, '2026-04-15', '2026-04-24', '2026-04-24', 5.24, 3.57, false),
  ('ORD10166', 'C010', 'B', '00118', 160, '2026-04-15', '2026-04-24', '2026-04-24', 5.38, 3.57, false),
  ('ORD10167', 'C009', 'A', '00240', 340, '2026-04-15', '2026-04-24', '2026-04-24', 5.46, 3.57, false),
  ('ORD10168', 'C009', 'A', '00240', 460, '2026-04-16', '2026-04-25', '2026-04-27', 5.46, 3.57, false),
  ('ORD10169', 'C007', 'C', '00865', 110, '2026-04-16', '2026-04-25', '2026-04-25', 6.03, 4.06, false),
  ('ORD10170', 'C002', 'A', '00327C', 50, '2026-04-16', '2026-04-25', '2026-04-25', 6.3, 4.13, false),
  ('ORD10171', 'C002', 'A', '00240', 170, '2026-04-16', '2026-04-25', '2026-04-25', 5.41, 3.57, false),
  ('ORD10172', 'C001', 'A', '00117', 120, '2026-04-16', '2026-04-25', '2026-04-25', 5.59, 3.57, false),
  ('ORD10173', 'C001', 'A', '00249', 110, '2026-04-16', '2026-04-25', '2026-04-25', 5.44, 3.57, false),
  ('ORD10174', 'C002', 'A', '00865', 140, '2026-04-17', '2026-04-28', '2026-05-01', 6.33, 4.06, false),
  ('ORD10175', 'C004', 'B', '00327', 210, '2026-04-17', '2026-04-28', '2026-04-28', 6.3, 4.13, false),
  ('ORD10176', 'C005', 'B', '00635', 110, '2026-04-17', '2026-05-01', '2026-05-01', 17.97, 12.4, false),
  ('ORD10177', 'C005', 'B', '00119', 90, '2026-04-17', '2026-04-28', '2026-04-28', 5.32, 3.57, false),
  ('ORD10178', 'C008', 'C', '00866', 380, '2026-04-17', '2026-04-28', '2026-04-28', 5.96, 4.06, false),
  ('ORD10179', 'C005', 'B', '00636', 60, '2026-04-17', '2026-05-01', '2026-05-01', 18.18, 12.64, false),
  ('ORD10180', 'C007', 'C', '00327C', 80, '2026-04-18', '2026-04-29', '2026-04-29', 6.01, 4.13, false),
  ('ORD10181', 'C004', 'B', '00117', 220, '2026-04-18', '2026-04-29', '2026-04-29', 5.33, 3.57, false),
  ('ORD10182', 'C001', 'A', '00327', 120, '2026-04-18', '2026-04-29', '2026-04-29', 6.6, 4.13, false),
  ('ORD10183', 'C001', 'A', '00240', 150, '2026-04-18', '2026-04-29', '2026-04-29', 5.51, 3.57, false),
  ('ORD10184', 'C005', 'B', '00635', 100, '2026-04-21', '2026-05-05', '2026-05-05', 17.97, 12.4, false),
  ('ORD10185', 'C008', 'C', '00633', 50, '2026-04-21', '2026-05-05', '2026-05-05', 37.89, 24.6, false),
  ('ORD10186', 'C006', 'C', '00245', 60, '2026-04-21', '2026-04-30', '2026-05-02', 5.03, 3.57, false),
  ('ORD10187', 'C008', 'C', '00246', 90, '2026-04-21', '2026-04-30', '2026-05-03', 5.06, 3.57, false),
  ('ORD10188', 'C002', 'A', '00117', 170, '2026-04-21', '2026-04-30', '2026-04-30', 5.49, 3.57, false),
  ('ORD10189', 'C007', 'C', '00866', 160, '2026-04-21', '2026-04-30', '2026-04-30', 5.9, 4.06, false),
  ('ORD10190', 'C009', 'A', '00635', 50, '2026-04-22', '2026-05-06', '2026-05-06', 18.31, 12.4, false),
  ('ORD10191', 'C010', 'B', '00327', 160, '2026-04-22', '2026-05-01', '2026-05-01', 6.36, 4.13, false),
  ('ORD10192', 'C004', 'B', '00864', 200, '2026-04-22', '2026-05-01', '2026-05-01', 6.11, 4.06, false),
  ('ORD10193', 'C008', 'C', '00240', 280, '2026-04-22', '2026-05-01', '2026-05-04', 5.21, 3.57, false),
  ('ORD10194', 'C005', 'B', '00636', 50, '2026-04-23', '2026-05-07', '2026-05-07', 18.18, 12.64, false),
  ('ORD10195', 'C002', 'A', '00118', 150, '2026-04-23', '2026-05-02', '2026-05-02', 5.49, 3.57, false),
  ('ORD10196', 'C008', 'C', '00865', 140, '2026-04-23', '2026-05-02', '2026-05-02', 6.09, 4.06, false),
  ('ORD10197', 'C007', 'C', '00636', 50, '2026-04-23', '2026-05-07', '2026-05-08', 17.49, 12.64, false),
  ('ORD10198', 'C007', 'C', '00327', 200, '2026-04-24', '2026-05-05', '2026-05-05', 6.17, 4.13, false),
  ('ORD10199', 'C003', 'B', '00864', 150, '2026-04-24', '2026-05-05', '2026-05-05', 6.16, 4.06, false),
  ('ORD10200', 'C007', 'C', '00864C', 50, '2026-04-24', '2026-05-05', '2026-05-05', 5.92, 4.13, false),
  ('ORD10201', 'C001', 'A', '00240', 300, '2026-04-24', '2026-05-05', '2026-05-05', 5.51, 3.57, false),
  ('ORD10202', 'C008', 'C', '00327', 230, '2026-04-24', '2026-05-05', '2026-05-05', 6.23, 4.13, false),
  ('ORD10203', 'C009', 'A', '00240C', 100, '2026-04-25', '2026-05-06', '2026-05-06', 5.35, 3.57, false),
  ('ORD10204', 'C004', 'B', '00866', 340, '2026-04-25', '2026-05-06', '2026-05-06', 6.02, 4.06, false),
  ('ORD10205', 'C007', 'C', '00243', 50, '2026-04-25', '2026-04-30', '2026-04-30', 5.08, 3.57, true),
  ('ORD10206', 'C007', 'C', '00636', 50, '2026-04-25', '2026-05-09', '2026-05-09', 17.49, 12.64, false),
  ('ORD10207', 'C003', 'B', '00865', 150, '2026-04-25', '2026-05-06', '2026-05-06', 6.21, 4.06, false),
  ('ORD10208', 'C006', 'C', '00866', 290, '2026-04-28', '2026-05-07', '2026-05-09', 5.96, 4.06, false),
  ('ORD10209', 'C008', 'C', '00118', 170, '2026-04-28', '2026-05-01', '2026-05-01', 5.28, 3.57, true),
  ('ORD10210', 'C003', 'B', '00865C', 80, '2026-04-28', '2026-05-01', '2026-05-01', 6.14, 4.13, true),
  ('ORD10211', 'C010', 'B', '00240', 320, '2026-04-28', '2026-05-07', '2026-05-07', 5.31, 3.57, false),
  ('ORD10212', 'C009', 'A', '00865', 180, '2026-04-28', '2026-05-07', '2026-05-07', 6.39, 4.06, false),
  ('ORD10213', 'C008', 'C', '00864', 210, '2026-04-28', '2026-05-07', '2026-05-07', 6.05, 4.06, false),
  ('ORD10214', 'C005', 'B', '00240', 330, '2026-04-29', '2026-05-08', '2026-05-08', 5.36, 3.57, false),
  ('ORD10215', 'C002', 'A', '00246', 60, '2026-04-29', '2026-05-08', '2026-05-08', 5.26, 3.57, false),
  ('ORD10216', 'C003', 'B', '00118', 180, '2026-04-29', '2026-05-08', '2026-05-09', 5.38, 3.57, false),
  ('ORD10217', 'C001', 'A', '00240C', 50, '2026-04-29', '2026-05-08', '2026-05-08', 5.4, 3.57, false),
  ('ORD10218', 'C007', 'C', '00240', 240, '2026-04-30', '2026-05-09', '2026-05-09', 5.16, 3.57, false),
  ('ORD10219', 'C002', 'A', '00119', 70, '2026-04-30', '2026-05-09', '2026-05-09', 5.37, 3.57, false),
  ('ORD10220', 'C008', 'C', '00636', 70, '2026-04-30', '2026-05-14', '2026-05-14', 17.66, 12.64, false),
  ('ORD10221', 'C005', 'B', '00249', 210, '2026-04-30', '2026-05-09', '2026-05-09', 5.29, 3.57, false),
  ('ORD10222', 'C009', 'A', '00866', 60, '2026-05-01', '2026-05-12', '2026-05-12', 6.26, 4.06, false),
  ('ORD10223', 'C010', 'B', '00240C', 90, '2026-05-01', '2026-05-12', '2026-05-15', 5.2, 3.57, false),
  ('ORD10224', 'C005', 'B', '00240', 90, '2026-05-01', '2026-05-12', '2026-05-12', 5.36, 3.57, false),
  ('ORD10225', 'C004', 'B', '00249', 90, '2026-05-01', '2026-05-12', '2026-05-12', 5.18, 3.57, false),
  ('ORD10226', 'C005', 'B', '00240', 370, '2026-05-01', '2026-05-06', '2026-05-06', 5.36, 3.57, true),
  ('ORD10227', 'C010', 'B', '00240', 270, '2026-05-02', '2026-05-13', '2026-05-13', 5.31, 3.57, false),
  ('ORD10228', 'C010', 'B', '00866', 140, '2026-05-02', '2026-05-13', '2026-05-13', 6.08, 4.06, false),
  ('ORD10229', 'C004', 'B', '00866', 170, '2026-05-02', '2026-05-13', '2026-05-13', 6.02, 4.06, false),
  ('ORD10230', 'C010', 'B', '00633', 50, '2026-05-02', '2026-05-16', '2026-05-16', 38.63, 24.6, false),
  ('ORD10231', 'C003', 'B', '00864', 110, '2026-05-02', '2026-05-13', '2026-05-16', 6.16, 4.06, false),
  ('ORD10232', 'C008', 'C', '00240', 280, '2026-05-05', '2026-05-08', '2026-05-08', 5.21, 3.57, true),
  ('ORD10233', 'C005', 'B', '00118', 140, '2026-05-05', '2026-05-14', '2026-05-14', 5.44, 3.57, false),
  ('ORD10234', 'C009', 'A', '00240', 190, '2026-05-05', '2026-05-14', '2026-05-14', 5.46, 3.57, false),
  ('ORD10235', 'C005', 'B', '00327', 350, '2026-05-05', '2026-05-14', '2026-05-14', 6.42, 4.13, false),
  ('ORD10236', 'C005', 'B', '00866', 300, '2026-05-06', '2026-05-15', '2026-05-15', 6.14, 4.06, false),
  ('ORD10237', 'C002', 'A', '00118', 50, '2026-05-06', '2026-05-15', '2026-05-18', 5.49, 3.57, false),
  ('ORD10238', 'C007', 'C', '00864', 160, '2026-05-06', '2026-05-15', '2026-05-15', 5.99, 4.06, false),
  ('ORD10239', 'C007', 'C', '00243', 50, '2026-05-06', '2026-05-09', '2026-05-09', 5.08, 3.57, true),
  ('ORD10240', 'C005', 'B', '00249', 150, '2026-05-06', '2026-05-15', '2026-05-15', 5.29, 3.57, false),
  ('ORD10241', 'C004', 'B', '00118', 100, '2026-05-07', '2026-05-16', '2026-05-16', 5.33, 3.57, false),
  ('ORD10242', 'C006', 'C', '00866', 230, '2026-05-07', '2026-05-16', '2026-05-16', 5.96, 4.06, false),
  ('ORD10243', 'C008', 'C', '00117', 210, '2026-05-07', '2026-05-16', '2026-05-16', 5.28, 3.57, false),
  ('ORD10244', 'C003', 'B', '00245', 70, '2026-05-07', '2026-05-16', '2026-05-16', 5.12, 3.57, true),
  ('ORD10245', 'C002', 'A', '00866', 120, '2026-05-07', '2026-05-16', '2026-05-17', 6.2, 4.06, false),
  ('ORD10246', 'C009', 'A', '00249', 100, '2026-05-08', '2026-05-19', '2026-05-19', 5.39, 3.57, false),
  ('ORD10247', 'C007', 'C', '00119', 70, '2026-05-08', '2026-05-19', '2026-05-19', 5.12, 3.57, false),
  ('ORD10248', 'C005', 'B', '00632', 50, '2026-05-08', '2026-05-22', '2026-05-22', 38.48, 24.11, true),
  ('ORD10249', 'C004', 'B', '00246', 130, '2026-05-08', '2026-05-19', '2026-05-19', 5.11, 3.57, false),
  ('ORD10250', 'C009', 'A', '00636', 80, '2026-05-08', '2026-05-22', '2026-05-22', 18.53, 12.64, false),
  ('ORD10251', 'C004', 'B', '00245', 50, '2026-05-09', '2026-05-20', '2026-05-22', 5.07, 3.57, false),
  ('ORD10252', 'C004', 'B', '00118', 190, '2026-05-09', '2026-05-20', '2026-05-20', 5.33, 3.57, false),
  ('ORD10253', 'C006', 'C', '00117', 320, '2026-05-09', '2026-05-20', '2026-05-20', 5.28, 3.57, false),
  ('ORD10254', 'C002', 'A', '00327', 270, '2026-05-09', '2026-05-20', '2026-05-20', 6.48, 4.13, false),
  ('ORD10255', 'C004', 'B', '00240', 100, '2026-05-12', '2026-05-21', '2026-05-21', 5.26, 3.57, false),
  ('ORD10256', 'C001', 'A', '00866', 190, '2026-05-12', '2026-05-21', '2026-05-22', 6.31, 4.06, false),
  ('ORD10257', 'C003', 'B', '00327', 290, '2026-05-12', '2026-05-21', '2026-05-22', 6.36, 4.13, false),
  ('ORD10258', 'C004', 'B', '00117', 120, '2026-05-12', '2026-05-21', '2026-05-21', 5.33, 3.57, false),
  ('ORD10259', 'C003', 'B', '00240', 310, '2026-05-12', '2026-05-21', '2026-05-21', 5.31, 3.57, false),
  ('ORD10260', 'C008', 'C', '00864', 200, '2026-05-12', '2026-05-21', '2026-05-21', 6.05, 4.06, false),
  ('ORD10261', 'C009', 'A', '00118', 90, '2026-05-13', '2026-05-22', '2026-05-22', 5.54, 3.57, false),
  ('ORD10262', 'C009', 'A', '00864', 150, '2026-05-13', '2026-05-22', '2026-05-22', 6.34, 4.06, false),
  ('ORD10263', 'C008', 'C', '00117', 50, '2026-05-13', '2026-05-22', '2026-05-22', 5.28, 3.57, false),
  ('ORD10264', 'C008', 'C', '00118', 80, '2026-05-13', '2026-05-16', '2026-05-16', 5.28, 3.57, true),
  ('ORD10265', 'C002', 'A', '00327C', 50, '2026-05-13', '2026-05-22', '2026-05-22', 6.3, 4.13, false),
  ('ORD10266', 'C006', 'C', '00327', 100, '2026-05-13', '2026-05-22', '2026-05-22', 6.23, 4.13, false),
  ('ORD10267', 'C010', 'B', '00249', 180, '2026-05-14', '2026-05-23', '2026-05-23', 5.24, 3.57, false),
  ('ORD10268', 'C009', 'A', '00118', 60, '2026-05-14', '2026-05-23', '2026-05-23', 5.54, 3.57, false),
  ('ORD10269', 'C004', 'B', '00249', 90, '2026-05-14', '2026-05-23', '2026-05-23', 5.18, 3.57, false),
  ('ORD10270', 'C002', 'A', '00245', 50, '2026-05-14', '2026-05-23', '2026-05-23', 5.22, 3.57, false),
  ('ORD10271', 'C003', 'B', '00240', 410, '2026-05-14', '2026-05-23', '2026-05-23', 5.31, 3.57, false),
  ('ORD10272', 'C002', 'A', '00865', 50, '2026-05-15', '2026-05-26', '2026-05-26', 6.33, 4.06, false),
  ('ORD10273', 'C003', 'B', '00243', 90, '2026-05-15', '2026-05-26', '2026-05-26', 5.24, 3.57, false),
  ('ORD10274', 'C006', 'C', '00327', 190, '2026-05-15', '2026-05-26', '2026-05-26', 6.23, 4.13, false),
  ('ORD10275', 'C007', 'C', '00865C', 50, '2026-05-15', '2026-05-26', '2026-05-26', 5.96, 4.13, false),
  ('ORD10276', 'C006', 'C', '00327C', 50, '2026-05-16', '2026-05-27', '2026-05-27', 6.07, 4.13, false),
  ('ORD10277', 'C008', 'C', '00119', 100, '2026-05-16', '2026-05-27', '2026-05-27', 5.17, 3.57, false),
  ('ORD10278', 'C006', 'C', '00865', 90, '2026-05-16', '2026-05-27', '2026-05-27', 6.09, 4.06, false),
  ('ORD10279', 'C007', 'C', '00240', 270, '2026-05-16', '2026-05-27', '2026-05-30', 5.16, 3.57, false),
  ('ORD10280', 'C009', 'A', '00632', 50, '2026-05-16', '2026-05-30', '2026-06-01', 39.21, 24.11, true),
  ('ORD10281', 'C005', 'B', '00119', 90, '2026-05-19', '2026-05-28', '2026-05-28', 5.32, 3.57, false),
  ('ORD10282', 'C003', 'B', '00119', 110, '2026-05-19', '2026-05-28', '2026-05-28', 5.27, 3.57, false),
  ('ORD10283', 'C001', 'A', '00118', 230, '2026-05-19', '2026-05-28', '2026-05-28', 5.59, 3.57, false),
  ('ORD10284', 'C008', 'C', '00243', 50, '2026-05-19', '2026-05-28', '2026-05-28', 5.13, 3.57, false),
  ('ORD10285', 'C010', 'B', '00240C', 130, '2026-05-20', '2026-05-29', '2026-05-30', 5.2, 3.57, false),
  ('ORD10286', 'C010', 'B', '00119', 50, '2026-05-20', '2026-05-23', '2026-05-23', 5.27, 3.57, true),
  ('ORD10287', 'C007', 'C', '00246', 70, '2026-05-20', '2026-05-29', '2026-05-29', 5.01, 3.57, false),
  ('ORD10288', 'C009', 'A', '00240', 320, '2026-05-20', '2026-05-29', '2026-05-29', 5.46, 3.57, false),
  ('ORD10289', 'C010', 'B', '00240', 290, '2026-05-20', '2026-05-29', '2026-05-29', 5.31, 3.57, false),
  ('ORD10290', 'C007', 'C', '00117', 130, '2026-05-20', '2026-05-29', '2026-05-29', 5.23, 3.57, false),
  ('ORD10291', 'C004', 'B', '00240', 240, '2026-05-21', '2026-05-30', '2026-05-30', 5.26, 3.57, false),
  ('ORD10292', 'C002', 'A', '00240', 210, '2026-05-21', '2026-05-26', '2026-05-26', 5.41, 3.57, true),
  ('ORD10293', 'C007', 'C', '00119', 70, '2026-05-21', '2026-05-30', '2026-05-30', 5.12, 3.57, false),
  ('ORD10294', 'C006', 'C', '00327', 250, '2026-05-21', '2026-05-26', '2026-05-26', 6.23, 4.13, true),
  ('ORD10295', 'C008', 'C', '00246', 80, '2026-05-22', '2026-06-02', '2026-06-05', 5.06, 3.57, false),
  ('ORD10296', 'C007', 'C', '00246', 50, '2026-05-22', '2026-06-02', '2026-06-02', 5.01, 3.57, false),
  ('ORD10297', 'C001', 'A', '00118', 190, '2026-05-22', '2026-06-02', '2026-06-02', 5.59, 3.57, false),
  ('ORD10298', 'C008', 'C', '00866', 270, '2026-05-22', '2026-06-02', '2026-06-03', 5.96, 4.06, false),
  ('ORD10299', 'C004', 'B', '00865', 160, '2026-05-23', '2026-06-03', '2026-06-03', 6.15, 4.06, false),
  ('ORD10300', 'C005', 'B', '00117', 220, '2026-05-23', '2026-06-03', '2026-06-03', 5.44, 3.57, false),
  ('ORD10301', 'C002', 'A', '00864', 100, '2026-05-23', '2026-06-03', '2026-06-03', 6.28, 4.06, false),
  ('ORD10302', 'C006', 'C', '00327', 150, '2026-05-23', '2026-06-03', NULL, 6.23, 4.13, false),
  ('ORD10303', 'C004', 'B', '00865', 160, '2026-05-23', '2026-06-03', '2026-06-03', 6.15, 4.06, false),
  ('ORD10304', 'C002', 'A', '00327C', 50, '2026-05-26', '2026-06-04', '2026-06-04', 6.3, 4.13, false),
  ('ORD10305', 'C010', 'B', '00249', 110, '2026-05-26', '2026-06-04', '2026-06-04', 5.24, 3.57, false),
  ('ORD10306', 'C010', 'B', '00866', 250, '2026-05-26', '2026-06-04', NULL, 6.08, 4.06, false),
  ('ORD10307', 'C006', 'C', '00865', 190, '2026-05-26', '2026-06-04', '2026-06-04', 6.09, 4.06, false),
  ('ORD10308', 'C005', 'B', '00633', 50, '2026-05-27', '2026-06-10', NULL, 39.0, 24.6, false),
  ('ORD10309', 'C008', 'C', '00117', 210, '2026-05-27', '2026-06-05', '2026-06-05', 5.28, 3.57, false),
  ('ORD10310', 'C002', 'A', '00865', 110, '2026-05-27', '2026-06-05', NULL, 6.33, 4.06, false),
  ('ORD10311', 'C009', 'A', '00632', 50, '2026-05-27', '2026-06-10', NULL, 39.21, 24.11, false),
  ('ORD10312', 'C001', 'A', '00866', 340, '2026-05-27', '2026-06-05', '2026-06-05', 6.31, 4.06, false),
  ('ORD10313', 'C010', 'B', '00119', 120, '2026-05-28', '2026-06-06', NULL, 5.27, 3.57, false),
  ('ORD10314', 'C002', 'A', '00117', 230, '2026-05-28', '2026-06-06', NULL, 5.49, 3.57, false),
  ('ORD10315', 'C002', 'A', '00866', 360, '2026-05-28', '2026-06-06', NULL, 6.2, 4.06, false),
  ('ORD10316', 'C008', 'C', '00240', 260, '2026-05-28', '2026-06-06', NULL, 5.21, 3.57, false),
  ('ORD10317', 'C006', 'C', '00327C', 50, '2026-05-28', '2026-06-06', NULL, 6.07, 4.13, false),
  ('ORD10318', 'C006', 'C', '00245', 50, '2026-05-28', '2026-06-06', NULL, 5.03, 3.57, false),
  ('ORD10319', 'C002', 'A', '00635', 90, '2026-05-29', '2026-06-12', NULL, 18.14, 12.4, false),
  ('ORD10320', 'C005', 'B', '00243', 60, '2026-05-29', '2026-06-09', NULL, 5.29, 3.57, false),
  ('ORD10321', 'C003', 'B', '00866', 250, '2026-05-29', '2026-06-09', NULL, 6.08, 4.06, false),
  ('ORD10322', 'C006', 'C', '00118', 170, '2026-05-29', '2026-06-09', NULL, 5.28, 3.57, false),
  ('ORD10323', 'C003', 'B', '00635', 50, '2026-05-29', '2026-06-12', NULL, 17.8, 12.4, false),
  ('ORD10324', 'C006', 'C', '00327', 350, '2026-05-29', '2026-06-09', NULL, 6.23, 4.13, false),
  ('ORD10325', 'C009', 'A', '00866', 140, '2026-05-30', '2026-06-10', NULL, 6.26, 4.06, false),
  ('ORD10326', 'C001', 'A', '00327', 100, '2026-05-30', '2026-06-10', NULL, 6.6, 4.13, false),
  ('ORD10327', 'C008', 'C', '00240', 380, '2026-05-30', '2026-06-10', NULL, 5.21, 3.57, false),
  ('ORD10328', 'C002', 'A', '00117', 230, '2026-05-30', '2026-06-10', NULL, 5.49, 3.57, false),
  ('ORD10329', 'C009', 'A', '00864', 190, '2026-05-30', '2026-06-04', '2026-06-04', 6.34, 4.06, true),
  ('ORD10330', 'C003', 'B', '00864', 190, '2026-05-30', '2026-06-10', NULL, 6.16, 4.06, false);

-- ---------- disable Row-Level Security (same as in class) ----------
ALTER TABLE vendors DISABLE ROW LEVEL SECURITY;
ALTER TABLE items DISABLE ROW LEVEL SECURITY;
ALTER TABLE contracts DISABLE ROW LEVEL SECURITY;
ALTER TABLE open_pos DISABLE ROW LEVEL SECURITY;
ALTER TABLE orders_history DISABLE ROW LEVEL SECURITY;
